geo,name,life_expectancy,sanitation_access_pct,food_supply_kcal_per_person_day,female_head_of_state,murder_deaths_per_100k,child_deaths_per_100k
afg,Afghanistan,69.02,54.4958,2243.49,Never had a female head of state,5.176795579228417,166.59021778318186
ago,Angola,64.7,NA,2434.79,Never had a female head of state,4.501916609253387,230.57610162735747
alb,Albania,80,99.29972,3390.48,Never had a female head of state,3.0070272212816995,9.23684867588331
and,Andorra,84.2,100,NA,Never had a female head of state,0.6634179291710894,1.2062144166747082
are,UAE,80.39,99.08688,3321.43,Never had a female head of state,0.48633879781420764,5.076679005817028
arg,Argentina,77.9,NA,3347.34,NA,5.350199071443392,11.044379080602551
arm,Armenia,79.92,93.66494,3276.83,Never had a female head of state,2.4749649856979064,10.025860623601757
atg,Antigua and Barbuda,78.1,99.60572,2458.4,Never had a female head of state,3.863749747900944,7.430287976732584
aus,Australia,84.2,100,3470.69,NA,0.9196995657971118,3.959364464170087
aut,Austria,82.2,99.9721,3812.18,NA,0.6311464635059747,2.699270341141686
aze,Azerbaijan,72.89,98.97851,3327.53,Never had a female head of state,3.0008522066342853,13.954991833300264
bdi,Burundi,62.09,44.63399,1754.83,NA,1.7227237548178413,149.88878042624452
bel,Belgium,82.4,99.48622,3909.12,NA,1.03320096783606,3.4527911181285735
ben,Benin,66.53,22.24897,2785.64,Never had a female head of state,7.198034892935685,254.72410064221037
bfa,Burkina Faso,68.14,31.79635,2675.05,Never had a female head of state,8.591094839453065,247.8464837185114
bgd,Bangladesh,71.58,67.61718,2580.79,NA,2.218315663935761,42.287729149343114
bgr,Bulgaria,76.3,86.07656,3055.05,NA,1.879348758518801,5.287018062240862
bhr,Bahrain,77.48,100,3505.98,Never had a female head of state,1.263287029036129,6.572013445852694
bhs,Bahamas,73.09,NA,2619.86,Never had a female head of state,37.58501164917016,13.150287941682194
bih,Bosnia and Herzegovina,78,NA,3368.04,Never had a female head of state,1.3770284020069457,4.840617879395369
blr,Belarus,74.9,99.74735,3330.2,Never had a female head of state,3.890591749824926,2.4673237972379978
blz,Belize,75.51,84.30177,2815.42,Never had a female head of state,24.727847083636775,20.334622769102722
bol,Bolivia,72.21,71.58392,2331.38,NA,6.172545627854362,47.29831710664328
bra,Brazil,77.31,92.40127,3304.87,NA,24.542371014509236,17.56147626826547
brb,Barbados,77,98.09246,3197.51,NA,13.799301543044974,12.383988564271132
brn,Brunei,78.51,100,NA,Never had a female head of state,0.915660583706817,15.010829241095362
btn,Bhutan,73.1,86.84211,3215.3,Never had a female head of state,1.0455865703003207,29.49734021855646
bwa,Botswana,70.3,72.11546,2621.79,Never had a female head of state,9.571753413771866,100.42456994631794
caf,Central African Republic,55.48,14.03628,2210.19,NA,14.531090555498523,392.1076411473238
can,Canada,82.2,98.58788,3606.14,NA,1.3473813946880235,4.361183443761406
che,Switzerland,84.6,99.89987,3452.57,Never had a female head of state,0.45988767990568513,3.6799935588961223
chl,Chile,81.1,100,3105.59,NA,3.4721185446810185,6.304153979263059
chn,China,80.51,97.27188,3452.19,NA,0.49533502914951194,5.395749647481197
civ,Cote d'Ivoire,64.72,40.40707,2953.26,Never had a female head of state,10.21354936224814,208.0213448786143
cmr,Cameroon,62.49,47.07295,2839.93,Never had a female head of state,7.6996353700887,202.35388757120012
cod,"Congo, Dem. Rep.",61.6,16.30331,2150.06,Never had a female head of state,4.631370616152319,258.8776016634856
cog,"Congo, Rep.",64.09,NA,2190.54,Never had a female head of state,5.5835225170666325,136.26472120864156
col,Colombia,80.51,96.58202,3112.41,Never had a female head of state,29.871483979554014,17.321272830917216
com,Comoros,76.76,57.22309,2416.25,Never had a female head of state,8.268703410670252,157.10536480273478
cpv,Cape Verde,76,83.12792,2641.64,Never had a female head of state,10.987510572207704,25.221589680766737
cri,Costa Rica,79.79,98.78884,2941.76,NA,12.500800512327888,9.392677980574234
cub,Cuba,78.4,94.77035,3270.16,Never had a female head of state,6.995389954817517,4.544123392424919
cyp,Cyprus,80.89,99.47768,3037.47,Never had a female head of state,1.127116900625495,2.3344816064735174
cze,Czech Republic,80.2,99.07005,3425.73,Never had a female head of state,0.8830982127935849,2.7428923035855823
deu,Germany,81.2,99.22695,3603.83,NA,0.3625569171362618,3.170975464488138
dji,Djibouti,68.81,NA,2765.91,Never had a female head of state,15.600349977535226,102.78056476104574
dma,Dominica,76.53,NA,3012.71,NA,11.659151978867786,48.57979991194912
dnk,Denmark,81.8,99.59723,3592.18,NA,0.5704283226991655,3.8983711305959328
dom,Dominican Republic,73.3,90.11982,3228.44,Never had a female head of state,14.790520574347248,52.280775977612755
dza,Algeria,76.4,85.90649,3468.29,Never had a female head of state,1.050947024444574,38.59571957701048
ecu,Ecuador,77.1,91.20434,2548.96,NA,23.980016070074974,20.486721192947186
egy,Egypt,70.39,97.08613,3116.13,Never had a female head of state,0.9070594979580074,36.703953698864275
eri,Eritrea,63.45,NA,NA,Never had a female head of state,51.81115735140781,105.96054397515056
esp,Spain,83.5,99.91812,3375.29,Never had a female head of state,0.5315519382998832,2.0755917138202546
est,Estonia,79,99.02149,3297.53,NA,3.3989668450088972,2.454933374596052
eth,Ethiopia,65.28,10.35772,2480.74,NA,8.587889468064523,122.55369190505576
fin,Finland,82,99.44795,3377.7,NA,1.2775350686399463,1.6004754479063912
fji,Fiji,68,92.75429,2949.28,Never had a female head of state,2.9244904913872736,40.72211017688399
fra,France,82.9,98.64438,3595.02,NA,0.972471389842499,3.8559174770044784
fsm,"Micronesia, Fed. Sts.",67.3,NA,2755.05,Never had a female head of state,6.7468311005163475,46.62086679626681
gab,Gabon,67.39,57.4015,2551.79,NA,2.950874040252513,98.25963218195771
gbr,UK,81.3,99.10266,3355.3,NA,0.3598205710855401,3.6462277961836875
geo,Georgia,75,90.68069,3105.96,NA,2.1241657080425393,11.795082895264654
gha,Ghana,65.8,31.57894,3102.4,Never had a female head of state,7.752563635144058,106.8951324584751
gin,Guinea,62.91,32.64964,2913.22,Never had a female head of state,8.040807625197463,271.50821998305
gmb,Gambia,67.71,48.17114,2452.26,Never had a female head of state,2.3057354948968727,133.41162038246082
gnb,Guinea-Bissau,61.49,28.9416,2291.09,NA,12.436903065771954,200.1764824862248
gnq,Equatorial Guinea,61.68,NA,NA,Never had a female head of state,4.13839852953239,177.56628943717882
grc,Greece,81.3,99.00726,3398.04,NA,0.867807161476727,3.0587058213208698
grd,Grenada,75.5,92.61924,2612.97,Never had a female head of state,4.731336794455385,24.722300367424534
gtm,Guatemala,73.5,71.1697,2791.06,Never had a female head of state,18.048167151749308,46.64520284563027
guy,Guyana,69.2,91.30872,3253.19,NA,14.715557437564744,54.54636800137801
hnd,Honduras,76.41,87.67179,2654.33,Never had a female head of state,27.35799597486791,29.566094395253437
hrv,Croatia,78.9,NA,3316.79,NA,1.1270321400357572,3.5081701384557813
hti,Haiti,61.38,29.10812,1977.9,NA,56.09530244803187,122.6682636078412
hun,Hungary,77.1,97.97363,3430.12,Never had a female head of state,1.2525581930854013,3.7997206686221037
idn,Indonesia,72.81,88.20317,2829.9,NA,1.2314695432718905,32.86560051140196
ind,India,72.1,83.38087,2588.62,NA,3.0254411517751945,49.96155640730729
irl,Ireland,82.8,89.72561,3910.78,NA,0.4172915835772872,3.2215287039149483
irn,Iran,79.21,90.45829,2878.56,Never had a female head of state,2.559899766366135,15.453752837619891
irq,Iraq,71.3,98.50475,2685.2,Never had a female head of state,13.649349966038415,52.8915155671406
isl,Iceland,83,98.778,3676.9,NA,0.49464428296666046,2.5108846851099518
isr,Israel,83.7,99.92008,3922.66,NA,1.7774170733959982,6.062719622543693
ita,Italy,83.3,99.8849,3703.49,Never had a female head of state,0.4668427048472718,1.8665592718795745
jam,Jamaica,76.31,91.62646,2928.06,NA,33.22327874780981,14.909711650406386
jor,Jordan,78.8,96.41479,2557.24,Never had a female head of state,2.5460293850608178,30.52770130662381
jpn,Japan,84.4,99.94331,2692.62,Never had a female head of state,0.48517718983392827,1.5328567602870105
kaz,Kazakhstan,75.2,97.94474,3439.57,Never had a female head of state,4.914997557541698,18.427582670568842
ken,Kenya,70.34,40.88497,2099.58,Never had a female head of state,13.38104712410081,96.83223704559438
kgz,Kyrgyz Republic,75.51,98.5399,2761.34,NA,1.937893641071447,31.25413808900685
khm,Cambodia,73.41,83.33593,2724.26,Never had a female head of state,2.6622617615817856,42.92922303485066
kir,Kiribati,71.41,45.17351,3095.73,Never had a female head of state,0.5788054627513042,117.95908797843035
kna,St. Kitts and Nevis,75.11,NA,2866.74,Never had a female head of state,18.30697753718938,17.04957162951281
kor,South Korea,83.6,99.72935,3441.95,NA,0.970986738951063,1.5464407678637762
kwt,Kuwait,81.5,100,3507.92,Never had a female head of state,0.8227090785300188,6.6254443325392085
lao,Lao,66.58,88.73141,3168.75,Never had a female head of state,5.975069877655993,77.58115473985545
lbn,Lebanon,79.2,99.2,2926.45,Never had a female head of state,1.3114118474290017,9.864224168511722
lbr,Liberia,61.8,23.3352,2103.35,NA,5.728288252071205,204.23275659608117
lby,Libya,74.05,88.49915,3195,Never had a female head of state,2.342410828907208,15.485573277933861
lca,St. Lucia,77.72,NA,2720.6,Never had a female head of state,18.77889968859111,27.19970690928065
lie,Liechtenstein,NA,99.95,NA,Never had a female head of state,NA,4.984051036682616
lka,Sri Lanka,77,95.35302,2802,NA,1.6550528272922282,8.286887303068044
lso,Lesotho,58.71,47.89135,1805.54,Never had a female head of state,38.2431531846022,214.10512731003988
ltu,Lithuania,76.9,96.39656,3406.98,NA,3.648930937789738,2.7560435087401913
lux,Luxembourg,83.5,97.60117,3483.01,Never had a female head of state,0.48056221370175456,2.0574529026986434
lva,Latvia,76.1,92.53461,3312.72,NA,5.324351693148155,3.2909661899081715
mar,Morocco,73.39,87.77802,3327.78,Never had a female head of state,0.7529643564258536,28.193554279552558
mco,Monaco,80.59,100,NA,Never had a female head of state,0.3390626222581571,2.608174017370439
mda,Moldova,76.32,86.88286,2888.71,NA,5.379315685092583,19.859110458708734
mdg,Madagascar,62.89,15.36715,1978.61,NA,2.901619813737516,119.73179052675695
mdv,Maldives,76.57,99.7013,2652.54,Never had a female head of state,1.3744251202621982,9.628527628210453
mex,Mexico,76.6,92.99128,3326.33,Never had a female head of state,27.6206564913613,18.12319955982293
mhl,Marshall Islands,64.39,78.95856,3269.53,NA,5.264318394796318,63.39231574885618
mkd,North Macedonia,77.3,98.99759,3148.14,Never had a female head of state,1.569089272137749,7.001909260769295
mli,Mali,64.13,47.75617,2792.42,NA,8.793625701773903,295.57732085957514
mlt,Malta,83.3,100,3298.05,NA,0.803072945792576,4.767099678220771
mmr,Myanmar,65.79,74.18352,2807.13,NA,1.921198816101498,67.63821641633112
mne,Montenegro,77.4,97.84913,3573.56,Never had a female head of state,2.332752252544138,1.7385010012185311
mng,Mongolia,73.61,74.28065,3088.1,NA,5.5778908760058,21.068493929657958
moz,Mozambique,65.31,38.59008,2154.92,Never had a female head of state,7.069641141824097,221.494074383807
mrt,Mauritania,68.5,58.67692,3000.3,Never had a female head of state,5.004078031030665,185.15295673712365
mus,Mauritius,74.19,97.37374,3111.1,NA,1.1227804585738166,16.479010943955593
mwi,Malawi,62.28,49.23221,2642.51,NA,15.936311111031088,109.04244305486286
mys,Malaysia,76.7,96.02,3003.3,Never had a female head of state,1.5210752797319282,9.814375171737668
nam,Namibia,66.7,38.7229,2586.32,Never had a female head of state,34.434961536670784,92.31069678894575
ner,Niger,59.68,16.33605,2631.12,Never had a female head of state,10.456113155782052,287.4041325058526
nga,Nigeria,64.86,47.90194,2503.4,Never had a female head of state,7.657045355646019,351.22417806267396
nic,Nicaragua,77.11,NA,2694.15,NA,8.345770004774884,28.883331035795635
nld,Netherlands,82.2,97.65667,3535.61,Never had a female head of state,0.6541188420728411,3.352079725646173
nor,Norway,83.3,98.04705,3504.55,NA,0.5468542012007318,1.9206586578757407
npl,Nepal,74.02,86.02598,2930.74,NA,1.7784722175797938,49.57100920456864
nru,Nauru,59.29,71.32114,2993.46,Never had a female head of state,7.817047817047817,74.84407484407484
nzl,New Zealand,81.9,100,3147.3,NA,1.94272585973188,5.65509732765234
omn,Oman,77.48,99.32093,3063.95,Never had a female head of state,0.5023030412447216,14.523109670771294
pak,Pakistan,70.31,71.88286,2442.99,NA,2.381866869025247,150.3912979959208
pan,Panama,79.6,89.05404,3061.49,NA,14.618734863073918,22.991829915586514
per,Peru,77.5,78.7732,2805.49,Never had a female head of state,5.413622163965206,20.536971972282466
phl,Philippines,72.41,87.15274,2848.81,NA,7.986259630591299,53.67808094879633
plw,Palau,69.1,99.02487,NA,Never had a female head of state,7.133556021060975,22.646209590669763
png,Papua New Guinea,66.6,23.57434,2223.03,Never had a female head of state,5.7183913839657405,97.97620827335446
pol,Poland,79,98.95617,3615.99,NA,1.0945989490025276,4.014062590535989
prk,North Korea,74,NA,NA,Never had a female head of state,2.7586805422265055,21.72666507997656
prt,Portugal,82.3,99.65918,3510.48,NA,1.2953529608712548,2.2090248461510242
pry,Paraguay,73.3,95.93476,3055.96,Never had a female head of state,12.865249751963404,37.558401603404384
pse,Palestine,73.88,99.39502,NA,Never had a female head of state,3.2048673050042904,41.97063021960515
qat,Qatar,81.7,99.93655,3540.22,Never had a female head of state,0.3222194372135849,4.717754708206871
rou,Romania,76.6,90.54136,3623.41,NA,1.5217902917447836,6.9280461587686055
rus,Russia,73.5,92.21759,3453.98,Never had a female head of state,11.639037103956458,5.3945421081338605
rwa,Rwanda,65.08,81.33073,2315.15,NA,5.26139102653991,103.58052570806052
sau,Saudi Arabia,74.97,97.6075,3276.21,Never had a female head of state,1.108969399353035,11.563276261221613
sdn,Sudan,69.32,65.7086,2648.02,Never had a female head of state,1.009501211786649,152.5430214892153
sen,Senegal,70.61,62.5196,2825.66,NA,1.6209093128521361,91.02065786511554
sgp,Singapore,85.71,100,NA,NA,0.5382617212451561,1.5841246859430225
slb,Solomon Islands,63.97,34.64907,2306.43,Never had a female head of state,3.1264718683113832,46.14586624853186
sle,Sierra Leone,59.28,24.91364,2316.5,Never had a female head of state,10.13254958108999,287.6371035423276
slv,El Salvador,73.51,88.04112,2835.79,Never had a female head of state,54.698898107502266,18.42745184473246
smr,San Marino,85.3,100,NA,Never had a female head of state,0.1489336351721673,NA
som,Somalia,65.13,44.45684,1833.48,Never had a female head of state,23.704308665711615,376.27057779805676
srb,Serbia,76.3,97.9423,3612.06,NA,2.301526422554869,5.621136309715043
ssd,South Sudan,56.69,14.42824,2414.74,Never had a female head of state,23.43768715970776,229.39934635010468
stp,Sao Tome and Principe,70.7,48.67851,2376.69,NA,5.223638316115445,42.03884222531155
sur,Suriname,73.4,89.99827,2652.09,Never had a female head of state,9.16308509806986,30.944752676408534
svk,Slovak Republic,78.6,97.54296,2982.81,NA,1.6086194384864254,5.698754000315258
svn,Slovenia,81.9,98.31116,3093.59,NA,0.6986063771095172,1.4642865240294143
swe,Sweden,83.6,98.74319,3327.75,Never had a female head of state,0.9213041304884949,2.5711685858000366
swz,Eswatini,61.08,64.4605,2553.29,Never had a female head of state,41.35016327355923,112.80284419196704
syc,Seychelles,75.31,99.7,3222.29,Never had a female head of state,2.6585529338223663,16.56888513996942
syr,Syria,76.34,95.64843,2387.19,Never had a female head of state,3.4317929205473425,34.32417422238903
tcd,Chad,58.32,13.14153,2183.68,Never had a female head of state,9.09887088968351,350.4096063051733
tgo,Togo,64.91,25.16811,2596.24,NA,7.147685856084713,171.4531176323917
tha,Thailand,77.91,99.35049,2878.04,NA,5.007605222590275,7.383426578182648
tjk,Tajikistan,72.1,NA,2768.39,Never had a female head of state,1.850977320846143,64.30120553635605
tkm,Turkmenistan,71.3,99.73545,2834.63,Never had a female head of state,2.453520854270994,66.58487826307577
tls,Timor-Leste,70.31,72.9358,2268.71,Never had a female head of state,3.4113091348217894,86.78077174965122
ton,Tonga,72,93.93345,2965.65,Never had a female head of state,1.0024869387519038,25.062173468797596
tto,Trinidad and Tobago,73.4,94.17807,2916.47,NA,23.90489393874222,18.92592090156205
tun,Tunisia,76,98.53734,3471.78,Never had a female head of state,1.0716217979194844,24.982643743532144
tur,Turkey,76.69,99.2777,3861.09,NA,1.8331666655756456,12.718191048076793
tuv,Tuvalu,63.58,89.67445,2971.6,Never had a female head of state,8.428150021070374,52.67593763168985
tza,Tanzania,69.81,37.21936,2357.7,Had a female head of state,6.040623359001977,139.35047787705204
uga,Uganda,65.98,23.89639,2166.36,Never had a female head of state,10.372231185297377,134.7964248014212
ukr,Ukraine,73.98,97.72583,2851.49,NA,7.4241715882884245,6.628976590682449
ury,Uruguay,77.8,99.15079,3306.88,Never had a female head of state,8.393092657284807,7.386205168689108
usa,USA,78.8,99.61827,3912.14,Never had a female head of state,7.0629855306908835,6.3212004860448
uzb,Uzbekistan,72.8,96.54783,3271.8,Never had a female head of state,1.538211255379664,29.430475366543682
vct,St. Vincent and the Grenadines,75.42,NA,2963.28,Never had a female head of state,23.587926824386532,20.0152115607862
ven,Venezuela,72.1,98.39559,2318.07,Never had a female head of state,40.617534250572014,34.947702583058124
vnm,Vietnam,76.41,95.44703,3072.19,Never had a female head of state,1.5918734727325328,26.921650153451537
vut,Vanuatu,70.59,47.81415,2785.79,Never had a female head of state,0.4893053951886958,62.953316088301726
wsm,Samoa,72.8,97.0991,3063.19,Had a female head of state,4.3865648910654516,43.77445213537249
yem,Yemen,72.01,63.08273,2083.24,NA,1.6100971042238408,143.91529558256477
zaf,South Africa,66.9,77.38452,2761.01,NA,35.625181638794956,60.94460837830212
zmb,Zambia,61.87,37.47634,2158.13,NA,14.746365704210948,161.5004266247036
zwe,Zimbabwe,66.83,34.6415,2040.51,NA,17.054244358450443,152.04596598566616
