geo,name,2000,2001,2002,2003,2004,2005,2006,2007,2008,2009,2010,2011,2012,2013,2014,2015,2016,2017,2018,2019,2020,2021,2022,2023,2024
afg,Afghanistan,22.29827,22.30952,23.73471,25.16012,26.59274,28.03292,29.47371,30.87532,32.27372,33.66911,35.06167,36.45175,37.83939,39.22478,40.60814,41.98982,43.36986,44.75081,46.13354,47.51839,48.90568,50.29664,51.69144,53.09094,54.4958
ago,Angola,33.80041,34.25585,34.7113,35.75669,36.80266,37.84653,38.73388,39.62057,40.50735,41.39269,42.27772,43.16206,44.04532,44.92708,45.80774,46.68377,47.55591,48.42377,49.28652,49.54702,49.80164,50.05114,50.29514,,
alb,Albania,89.48867,90.03096,90.60552,91.16545,91.71065,92.32298,92.92141,93.50574,94.07582,94.63116,95.17216,95.69849,96.21027,96.70656,97.18802,97.65497,98.1079,98.5473,98.97365,99.18307,99.29879,99.29904,99.29927,99.29949,99.29972
and,Andorra,100,100,100,100,100,100,100,100,100,100,100,100,100,100,100,100,100,100,100,100,100,100,100,100,100
are,UAE,99.16086,99.15687,99.15295,99.14909,99.1453,99.14157,99.1379,99.13433,99.13087,99.12749,99.1242,99.121,99.1179,99.11488,99.11194,99.1091,99.10632,99.10363,99.10102,99.09848,99.09601,99.09363,99.0913,99.08905,99.08688
arg,Argentina,87.66693,88.13594,88.6034,89.06956,89.53506,89.99973,90.46378,90.92704,91.38971,91.85164,92.31283,92.77075,93.22681,93.62313,94.02112,94.42041,94.82096,,,,,,,,
arm,Armenia,88.0309,88.23413,88.45717,88.68784,88.91853,89.1491,89.37985,89.61047,89.84126,90.07192,90.3026,90.53329,90.764,90.9987,91.23747,91.48057,91.72791,91.97959,92.23585,92.49662,92.76198,93.03202,93.30684,93.56745,93.66494
atg,Antigua and Barbuda,84.76534,85.53443,86.31252,87.08915,87.86436,88.63813,89.41053,90.18153,90.95121,91.71948,92.48645,93.25101,94.00425,94.75714,95.50967,96.26188,97.01324,97.76381,98.51369,99.08997,99.60418,99.60504,99.60559,99.60582,99.60572
aus,Australia,99.99116,99.99162,99.99207,99.99253,99.99299,99.99344,99.9939,99.99435,99.99481,99.99527,99.99572,99.99618,99.99664,99.99709,99.99755,99.998,99.99846,99.99892,99.99937,99.99983,100,100,100,100,100
aut,Austria,99.99998,99.99999,100,99.99838,99.99654,99.99471,99.99289,99.9911,99.98933,99.98757,99.98583,99.98412,99.98231,99.98045,99.97859,99.97671,99.97482,99.97291,99.97282,99.97271,99.9726,99.97249,99.97237,99.97224,99.9721
aze,Azerbaijan,68.35372,69.41108,70.46452,71.51435,72.56041,73.90078,75.24461,76.59202,77.94279,79.29705,80.65656,82.02098,83.39008,84.76372,86.14159,87.52346,88.90911,90.29834,91.69093,93.0866,94.48522,95.86631,96.91065,97.94822,98.97851
bdi,Burundi,45.8832,45.97623,46.07145,46.16903,46.07445,45.97808,45.87975,45.77938,45.67678,45.57192,45.46451,45.35445,45.24162,45.12575,45.00678,44.88445,44.75858,44.62898,44.49544,44.35774,44.45481,44.55452,44.65696,44.64561,44.63399
bel,Belgium,99.48463,99.4848,99.48497,99.48512,99.48529,99.48546,99.48562,99.48578,99.48594,99.48611,99.48612,99.48613,99.48614,99.48615,99.48616,99.48616,99.48617,99.48619,99.48618,99.4862,99.4862,99.48621,99.48622,99.48622,99.48622
ben,Benin,8.52812,8.93975,9.37391,9.83877,10.31559,10.80395,11.30396,11.81573,12.33901,12.87336,13.41908,13.97608,14.54431,15.12331,15.71433,16.31695,16.9311,17.55671,18.19373,18.84208,19.5017,20.17212,20.85365,21.54603,22.24897
bfa,Burkina Faso,8.84163,9.13087,10.05984,11.00809,11.97599,12.96109,13.96368,14.91885,15.83856,16.77132,17.71735,18.67608,19.64659,20.62832,21.62101,22.62372,23.63587,24.65589,25.68355,26.71857,27.75975,28.8068,29.85859,30.91508,31.79635
bgd,Bangladesh,23.69468,25.17677,26.68169,28.17729,29.66304,31.43583,33.22644,35.03398,36.85758,38.69642,40.55009,42.41759,44.29759,46.18906,48.09185,50.00502,51.9283,53.86102,55.80269,57.75287,59.71117,61.67709,63.65027,65.63041,67.61718
bgr,Bulgaria,85.82708,85.83526,85.84624,85.85712,85.86798,85.87874,85.88941,85.90001,85.91056,85.92101,85.9314,85.94171,85.95204,85.9624,85.97276,85.98316,85.99354,86.00397,86.01436,86.02475,86.03515,86.04554,86.0559,86.06626,86.07656
bhr,Bahrain,99.93939,99.94341,99.94743,99.95145,99.95547,99.95949,99.96351,99.96753,99.97155,99.97556,99.97958,99.9836,99.98762,99.99164,99.99566,99.99968,100,100,100,100,100,100,100,100,100
bhs,Bahamas,92.97671,92.97884,92.97925,92.97794,92.97492,92.97018,92.96372,92.95555,92.94565,92.93405,92.92072,92.90568,92.88892,93.16263,93.43634,93.71004,93.71004,93.71004,93.71004,93.71004,,,,,
bih,Bosnia and Herzegovina,95.07844,95.08796,95.09814,95.10886,95.12025,95.13579,95.15163,95.16789,95.18446,95.20132,95.21848,95.23602,95.25391,95.27204,95.29053,95.31293,95.33615,95.36024,95.38506,,,,,,
blr,Belarus,91.91369,91.89504,91.87721,91.85928,92.30802,92.7606,93.2164,93.67357,94.13255,94.59706,95.06665,95.53921,96.01604,96.49674,96.98077,97.46775,97.95673,98.44714,98.9392,99.43386,99.594,99.65912,99.68976,99.71994,99.74735
blz,Belize,83.99508,83.99812,84.00106,84.00388,84.00659,83.9997,83.99332,83.98747,83.98212,83.9773,83.973,83.9709,83.97148,83.97513,83.98212,83.99296,84.00804,84.0276,84.05203,84.08392,84.1194,84.15864,84.20213,84.24973,84.30177
bol,Bolivia,34.91586,36.10693,37.27888,38.44232,39.60072,40.75346,41.90155,43.48104,45.07923,46.69501,48.32859,49.98013,51.6492,53.31915,54.99663,56.69202,58.40551,60.1364,61.88638,63.65528,65.44268,67.24845,69.07273,70.43354,71.58392
bra,Brazil,73.36615,74.23593,75.08675,75.9322,76.77193,77.60604,78.43505,79.25903,80.07807,80.89148,81.70014,82.50753,83.31022,84.10757,84.90076,85.68917,86.47254,87.25135,88.02503,88.79436,89.55914,90.3198,91.01966,91.71285,92.40127
brb,Barbados,89.64088,90.02966,90.41844,90.80722,91.196,91.58478,91.97356,92.36235,92.75113,93.13991,93.52869,93.91747,94.30625,94.69503,95.08381,95.47259,95.86138,96.25016,96.63894,97.02772,97.33124,97.33303,98.09246,98.09246,98.09246
brn,Brunei,72.71485,73.93148,75.14812,76.36475,77.58139,78.79802,80.01466,81.23129,82.44793,83.66457,84.8812,86.09784,87.31447,88.53111,89.74774,90.96438,92.18101,93.39765,94.61428,95.83092,97.04755,98.26419,99.48083,100,100
btn,Bhutan,44.05193,44.41137,46.66497,48.8832,51.06465,53.19571,55.19022,57.15694,59.09529,61.03913,62.95508,64.84292,66.70048,68.52808,70.32626,72.09569,73.83697,75.55077,77.23784,78.89894,80.53478,82.14619,83.73398,85.299,86.84211
bwa,Botswana,53.73956,54.74514,55.60409,56.43226,57.2488,58.05244,58.84412,59.99491,61.11116,62.18895,63.22988,64.23258,65.03728,65.79083,66.52149,67.22889,67.91296,68.57314,69.20699,69.81506,70.39743,70.95424,71.48649,71.99414,72.11546
caf,Central African Republic,20.59397,20.54728,20.50059,20.45361,20.40632,19.97215,19.54504,19.12489,18.71103,18.30309,17.90095,17.50401,17.11216,16.72504,16.34208,15.96319,15.58824,15.21649,14.84784,14.48198,14.11863,13.75751,13.84629,13.93922,14.03628
can,Canada,99.86668,99.86883,99.86934,99.86986,99.87037,99.86396,99.84302,99.76076,99.67827,99.59556,99.51262,99.42938,99.34555,99.26168,99.17775,99.09378,99.00975,98.92568,98.84154,98.75732,98.67301,98.58857,98.58836,98.58813,98.58788
che,Switzerland,99.88097,99.88097,99.88099,99.881,99.88102,99.88104,99.88106,99.88108,99.88109,99.88111,99.88113,99.884,99.88688,99.88974,99.89259,99.89545,99.89829,99.89988,99.89987,99.89987,99.89987,99.89987,99.89988,99.89987,99.89987
chl,Chile,93.03159,93.44091,93.8325,94.17865,94.52357,94.86664,95.20847,95.5487,95.88766,96.22504,96.56087,96.89543,97.22846,97.5601,97.89035,98.21921,98.54696,98.87345,99.1483,99.24409,99.31448,100,100,100,100
chn,China,56.82011,57.56846,59.71909,61.84361,63.94062,66.00741,68.03235,70.02098,71.97962,73.90606,75.80105,77.65125,79.46467,81.2468,82.99848,84.71931,86.40948,88.06831,89.69422,91.28813,92.8515,94.38576,95.89236,97.24117,97.27188
civ,Cote d'Ivoire,20.04162,20.71713,21.39285,22.06846,22.74427,23.55495,24.37432,25.20233,26.0389,26.88337,27.73627,28.59754,29.4668,30.34398,31.22902,32.12457,33.02997,33.94543,34.87089,35.80596,36.75056,37.70462,38.66804,39.64074,40.40707
cmr,Cameroon,37.56618,37.78,37.99471,38.36333,38.73676,39.11411,39.49599,39.88243,40.27345,40.66874,41.06864,41.47285,41.88137,42.29388,42.71037,43.13086,43.55534,43.98311,44.41486,44.84988,45.28851,45.73001,46.17472,46.62262,47.07295
cod,"Congo, Dem. Rep.",23.74773,23.29258,22.84098,22.39297,21.9486,21.50795,21.08914,20.67881,20.27693,19.88359,19.49873,19.12245,18.75467,18.39536,18.04459,17.70228,17.3684,17.04284,16.72563,16.41666,16.11587,16.14617,16.17447,16.23868,16.30331
cog,"Congo, Rep.",11.92011,11.96847,12.29426,12.62368,13.08152,13.55111,14.03254,14.52604,15.03204,15.55069,16.08231,16.62675,17.18433,17.75521,18.33936,18.93693,19.54805,20.17288,20.26857,20.36426,20.45975,20.55481,,,
col,Colombia,75.41488,76.30879,77.20198,78.09443,78.98592,79.87642,80.76591,81.65418,82.54144,83.42764,84.31261,85.19636,86.07904,86.9605,87.84073,88.71991,89.59803,90.47494,91.35066,92.22521,93.09874,93.97112,94.84252,95.7128,96.58202
com,Comoros,24.42511,26.15457,27.71079,29.24809,30.76685,32.26965,33.75606,35.22565,36.67786,38.11242,39.52904,40.92702,42.30607,43.66588,45.00579,46.32559,47.6248,48.90292,50.15951,51.39425,52.6066,53.79612,54.96237,56.10484,57.22309
cpv,Cape Verde,36.82795,39.19106,41.53751,43.86641,46.17847,48.4726,50.7498,53.00935,55.2522,57.47693,59.68185,61.80065,63.95307,66.09924,68.23888,70.37171,72.49693,74.61426,76.72372,78.82495,80.91815,83.00309,83.0453,83.08695,83.12792
cri,Costa Rica,93.68496,93.92396,94.15611,94.38145,94.5999,94.81127,95.01589,95.21372,95.40497,95.67007,95.92729,96.17658,96.41707,96.64923,96.87353,97.09054,97.30076,97.50459,97.70251,97.89496,98.08235,98.26506,98.44349,98.61797,98.78884
cub,Cuba,81.30807,81.50514,81.7008,81.88772,82.06638,82.68999,83.31492,83.94115,84.56866,85.19736,85.82733,86.45855,87.09102,87.72162,88.35314,88.98649,89.62155,90.25901,90.89865,91.54022,92.18358,92.82849,93.47471,94.12208,94.77035
cyp,Cyprus,99.61994,99.62002,99.61998,99.61369,99.60729,99.6008,99.5942,99.58749,99.58069,99.57377,99.56674,99.55962,99.55238,99.54514,99.53789,99.5307,99.52355,99.51648,99.50949,99.50264,99.49593,99.48939,99.48303,99.47688,99.47768
cze,Czech Republic,99.01994,99.01832,99.0225,99.02684,99.03137,99.03607,99.04097,99.04604,99.0513,99.05675,99.06239,99.0682,99.07412,99.07978,99.07555,99.07517,99.0748,99.07437,99.07389,99.07337,99.0728,99.07218,99.07152,99.07081,99.07005
deu,Germany,99.21811,99.21873,99.21934,99.21995,99.22057,99.22117,99.22177,99.22237,99.22297,99.22356,99.22415,99.22473,99.22476,99.22479,99.22482,99.22485,99.22493,99.22504,99.22519,99.22538,99.22562,99.22589,99.2262,99.22656,99.22695
dji,Djibouti,43.80056,43.82129,43.84203,43.86277,43.88351,45.41391,46.94023,48.46202,49.97926,51.49145,53.00407,54.51736,56.03103,57.54582,59.06086,60.57796,62.0957,63.61479,65.1354,66.65771,66.74212,66.83112,66.92472,67.02348,
dma,Dominica,64.04257,65.29825,66.55393,67.80962,69.0653,70.32098,71.57666,72.83234,74.08802,75.3437,76.59938,77.85506,79.11074,80.36642,80.36642,80.36642,80.36642,80.36642,,,,,,,
dnk,Denmark,99.59724,99.59724,99.59724,99.59724,99.59724,99.59724,99.59724,99.59723,99.59723,99.59723,99.59723,99.59723,99.59724,99.59723,99.59724,99.59723,99.59723,99.59723,99.59723,99.59723,99.59723,99.59723,99.59723,99.59722,99.59723
dom,Dominican Republic,76.59724,77.14861,77.69899,78.30326,78.92712,79.54579,80.15981,80.76884,81.37291,81.97111,82.56434,83.14002,83.70298,84.26182,84.81681,85.36812,85.91567,86.45918,86.99703,87.52944,88.05662,88.57901,89.09681,89.61024,90.11982
dza,Algeria,84.48083,84.75993,85.0328,85.29917,85.55907,85.81226,86.05913,86.29944,86.53356,86.75948,86.97813,87.18924,87.09354,86.98688,86.86985,86.74252,86.60548,86.45882,86.30309,86.1385,85.96547,85.7843,85.82629,85.86704,85.90649
ecu,Ecuador,73.02479,73.68227,74.29404,74.87654,75.45566,76.25867,77.06091,77.86272,78.66376,79.46405,80.26378,81.05781,81.84815,82.63856,83.4289,84.21944,85.00992,85.80049,86.59284,87.38663,88.18175,88.97796,89.72332,90.55569,91.20434
egy,Egypt,91.97457,92.18866,92.40278,92.61692,92.83107,93.04524,93.25943,93.47143,93.68212,93.89292,94.1037,94.3146,94.52369,94.7329,94.94212,95.1514,95.3608,95.57162,95.78382,95.99745,96.2125,96.42889,96.64661,96.86575,97.08613
eri,Eritrea,8.2853,8.64048,8.9863,9.32209,9.64745,9.96154,10.26442,10.55508,10.83377,11.02204,11.20195,11.37354,11.53652,11.63627,11.73668,11.83791,11.93997,,,,,,,,
esp,Spain,99.81338,99.81324,99.82038,99.82743,99.83451,99.84161,99.84874,99.85588,99.86305,99.87023,99.87743,99.88466,99.89191,99.89917,99.9061,99.91247,99.91889,99.91984,99.9196,99.91935,99.91911,99.91887,99.91861,99.91837,99.91812
est,Estonia,99.75769,99.75544,99.75165,99.70674,99.64523,99.58384,99.52256,99.4614,99.40035,99.33942,99.27861,99.21791,99.15749,99.09716,99.0367,99.03551,99.03423,99.03285,99.03135,99.02975,99.02802,99.02617,99.02418,99.02204,99.02149
eth,Ethiopia,2.96577,3.22632,3.4871,3.74769,4.03281,4.31725,4.6012,4.88682,5.19692,5.5078,5.82002,6.13344,6.44846,6.76236,7.07794,7.39518,7.71437,8.03536,8.35876,8.68474,9.0133,9.34477,9.67916,10.01681,10.35772
fin,Finland,99.44819,99.44818,99.44816,99.44816,99.44815,99.44814,99.44813,99.44812,99.44811,99.44811,99.44809,99.44805,99.44801,99.44799,99.44799,99.44799,99.44799,99.44798,99.44798,99.44797,99.44797,99.44796,99.44796,99.44795,99.44795
fji,Fiji,87.59058,87.64521,87.69983,88.33729,88.96894,89.59444,89.94935,90.29462,90.63914,90.9745,91.29852,91.6111,91.91244,92.20237,92.48116,92.74886,93.00551,93.25117,93.48596,93.70994,93.62156,93.33286,93.04374,92.75421,92.75429
fra,France,98.66302,98.66226,98.66149,98.66073,98.65997,98.65922,98.65848,98.65774,98.65699,98.65624,98.65548,98.65471,98.65394,98.65317,98.65238,98.6516,98.65081,98.65001,98.64921,98.64841,98.64761,98.6468,98.646,98.64519,98.64438
fsm,"Micronesia, Fed. Sts.",25.04843,29.13627,33.22411,37.31196,41.3998,45.48764,49.57548,53.66332,57.75117,61.83901,65.92685,70.01469,74.10253,78.19037,82.27822,86.36606,90.4539,90.4539,90.4539,90.4539,90.4539,,,,
gab,Gabon,26.8182,27.95006,29.10197,30.27346,31.46426,32.67387,33.90247,35.14955,36.41531,37.69872,39.00026,40.31938,41.65633,43.01001,44.37801,45.75956,47.15475,48.56374,49.9864,51.4223,52.87202,54.33516,55.81171,57.30163,57.4015
gbr,UK,99.12999,99.12955,99.12825,99.12697,99.1257,99.12444,99.1232,99.12197,99.12075,99.11955,99.11837,99.11719,99.11602,99.11486,99.11371,99.11256,99.11142,99.11029,99.10918,99.10806,99.10696,99.10587,99.10479,99.10372,99.10266
geo,Georgia,76.03909,76.34556,76.73083,77.20781,77.86243,78.51547,79.16719,79.81756,80.46631,81.11343,81.75914,82.40319,83.04579,83.68647,84.32567,84.96315,85.60082,86.23794,86.87482,87.51116,88.14704,88.78197,89.41605,90.04898,90.68069
gha,Ghana,5.72344,5.81107,6.75046,7.70862,8.68541,9.68015,10.69286,11.72315,12.77076,13.83505,14.91618,16.01353,17.12667,18.25506,19.39839,20.55634,21.7286,22.91475,24.11449,25.32736,26.55322,27.79164,29.04232,30.30485,31.57894
gin,Guinea,9.16231,9.88629,10.61144,11.33794,12.20687,13.09504,14.00263,14.92949,15.87561,16.841,17.82589,18.83007,19.85357,20.89638,21.95852,23.04295,24.14984,25.27932,26.43153,27.6064,28.80453,30.02585,31.27074,32.53886,32.64964
gmb,Gambia,51.06271,49.91397,48.78796,47.72431,46.69543,46.57834,46.48626,46.41853,46.3745,46.35349,46.35477,46.37754,46.42121,46.48443,46.56603,46.66467,46.77876,46.90722,47.04853,47.20141,47.36458,47.53642,47.71599,47.94579,48.17114
gnb,Guinea-Bissau,4.53446,5.01575,5.7291,6.75417,7.78216,8.87835,9.98973,11.11619,12.25809,13.4153,14.58871,15.77822,16.98422,18.20676,19.44625,20.70295,21.97688,23.26827,24.57757,25.90481,27.2502,28.614,28.72286,28.83197,28.9416
gnq,Equatorial Guinea,54.79053,55.77697,56.747,57.69924,58.63359,59.54837,60.44434,61.32078,62.17771,63.01432,63.83119,64.62837,65.40607,66.04695,66.11511,66.18252,66.24854,66.31279,,,,,,,
grc,Greece,97.87588,97.94529,98.01973,98.09309,98.16544,98.23672,98.30698,98.37624,98.44452,98.51178,98.57808,98.64343,98.70787,98.77138,98.83396,98.89565,98.95645,98.98319,98.98675,98.99026,98.99374,98.99719,99.00058,99.00395,99.00726
grd,Grenada,88.57227,89.08444,89.59543,90.10525,90.61388,91.12134,91.62762,92.13272,92.63664,93.13939,93.64096,93.54807,93.45519,93.36231,93.26942,93.17654,93.08366,92.99077,92.89789,92.80501,92.71212,92.61924,92.61924,92.61924,92.61924
gtm,Guatemala,61.06724,61.56169,62.04512,62.50944,62.95812,63.39595,63.82338,64.2408,64.64832,65.04514,65.43256,65.8098,66.17754,66.53887,66.89369,67.24249,67.5844,67.9199,68.24894,68.571,68.8863,69.46217,70.03494,70.60413,71.1697
guy,Guyana,77.37352,77.9231,78.47358,79.01412,79.6383,80.26488,80.89393,81.52536,82.15915,82.79535,83.43389,84.07473,84.7315,85.38896,86.04784,86.70796,87.36924,88.03157,88.6947,89.35862,90.02313,90.68812,91.301,91.30468,91.30872
hnd,Honduras,64.5086,65.50992,66.53485,67.55608,68.57194,69.58153,70.58561,71.58385,72.57646,73.56296,74.54391,75.51886,76.48834,77.45179,78.40971,79.36149,80.30749,81.24769,82.18205,83.11071,84.03377,84.95126,85.8634,86.7702,87.67179
hrv,Croatia,98.45117,98.45439,98.29333,98.07357,97.85452,97.63621,97.41862,97.20176,96.98564,96.77024,96.55557,96.34159,96.12898,95.9178,95.7082,95.71901,95.73053,95.74277,95.75454,95.76695,95.78003,95.7937,,,
hti,Haiti,19.44023,20.12521,20.80265,21.47062,21.99958,22.50494,23.00184,23.48951,23.96827,24.43671,24.89532,25.34359,25.78131,26.20773,26.62312,27.02704,27.41757,27.79408,28.15679,28.50578,28.65762,28.7933,28.9133,29.01808,29.10812
hun,Hungary,98.04373,98.04296,98.03961,98.03628,98.03297,98.02914,98.02483,98.02054,98.01629,98.01208,98.0084,98.00476,98.00215,97.99991,97.99768,97.99545,97.99318,97.99088,97.98852,97.98613,97.98371,97.98124,97.97874,97.9762,97.97363
idn,Indonesia,41.58318,43.53431,45.50105,47.48211,49.47721,51.48378,53.5019,55.53003,57.56787,59.61339,61.66112,63.69137,65.73025,67.77662,69.83046,71.89044,73.95593,76.02568,78.09954,80.17675,82.25711,84.33985,85.64866,86.93633,88.20317
ind,India,14.66388,17.22068,19.96458,22.72565,25.50409,28.29889,31.11027,33.93839,36.78298,39.64317,42.51911,45.41088,48.32059,51.24729,54.19055,57.14964,60.12383,63.11256,66.11487,69.13002,72.04823,74.93286,77.81619,80.69789,83.38087
irl,Ireland,90.00398,89.99342,89.98243,89.97004,89.95745,89.9448,89.93267,89.92332,89.91389,89.90436,89.89476,89.88504,89.87521,89.86531,89.8553,89.84523,89.83499,89.82407,89.81234,89.79985,89.78653,89.77249,89.75765,89.74201,89.72561
irn,Iran,78.21829,78.97315,79.71555,80.44563,81.16331,81.8685,82.56141,83.23211,83.88698,84.53138,85.16567,85.7898,86.40189,87.00301,87.59508,88.17792,88.75182,89.31666,89.69886,90.02109,90.26677,90.31622,90.36473,90.41199,90.45829
irq,Iraq,70.50477,71.07587,71.64557,72.21388,72.78079,74.44507,76.12196,77.81173,79.51419,81.22912,82.96585,84.71907,86.48265,88.25648,90.04056,91.83475,93.63966,95.45492,96.99975,97.86485,98.49327,98.49597,98.49878,98.50171,98.50475
isl,Iceland,98.798,98.79718,98.79637,98.79495,98.79332,98.79173,98.79015,98.7886,98.78708,98.78557,98.78475,98.78459,98.78441,98.78399,98.78354,98.78312,98.78267,98.78217,98.78165,98.7811,98.78054,98.77995,98.77932,98.77868,98.778
isr,Israel,100,100,100,100,100,100,100,100,100,100,100,99.99566,99.98846,99.98139,99.97446,99.96767,99.96102,99.95453,99.9482,99.94202,99.93601,99.93018,99.92452,99.91903,99.92008
ita,Italy,99.88593,99.88592,99.8859,99.88587,99.88585,99.88582,99.8858,99.88578,99.88575,99.88573,99.88571,99.88568,99.88563,99.88558,99.88552,99.88546,99.8854,99.88534,99.88528,99.88522,99.88516,99.8851,99.88503,99.88497,99.8849
jam,Jamaica,80.38979,80.43973,80.49007,80.5403,81.06759,81.59529,82.12331,82.6517,83.18041,83.70949,84.23888,84.76857,85.29814,85.82753,86.35668,86.88559,87.41417,87.94241,88.47023,88.99762,89.52453,90.05091,90.5767,91.1019,91.62646
jor,Jordan,99.00013,98.88727,98.76794,98.64867,98.52946,98.41697,98.30821,98.20094,98.09502,97.99023,97.88648,97.78363,97.68155,97.58009,97.47919,97.37166,97.26444,97.15748,97.05075,96.94427,96.83797,96.73189,96.62602,96.52032,96.41479
jpn,Japan,99.99777,99.9955,99.99323,99.99096,99.98869,99.98642,99.98415,99.98188,99.97961,99.97734,99.97508,99.97281,99.97054,99.96827,99.966,99.96373,99.96146,99.95919,99.95692,99.95466,99.95239,99.95012,99.94785,99.94558,99.94331
kaz,Kazakhstan,96.8457,96.84534,96.89784,96.95021,97.00248,97.06485,97.12712,97.18927,97.25132,97.31326,97.37511,97.43684,97.49846,97.55997,97.6214,97.6827,97.74389,97.80499,97.85534,97.90516,97.94632,97.95385,97.95264,97.94888,97.94474
ken,Kenya,23.64738,24.31646,25.03461,25.75352,26.47311,27.19323,27.9139,28.63504,29.3566,30.07841,30.80049,31.52292,32.24553,32.96825,33.6909,34.41337,35.13553,35.85725,36.57839,37.2988,38.01834,38.73688,39.45425,40.17034,40.88497
kgz,Kyrgyz Republic,92.8282,92.82824,93.00557,93.18293,93.36028,93.65602,93.95209,94.24852,94.54529,94.84237,95.13914,95.4355,95.73135,96.02669,96.32142,96.61547,96.90875,97.20121,97.49276,97.78335,98.01763,98.14785,98.27823,98.40887,98.5399
khm,Cambodia,10.44728,10.79583,13.52131,16.49577,19.4886,22.49971,25.52847,28.57528,31.65699,34.84313,38.03993,41.24691,44.46359,47.68911,50.92371,54.16652,57.41702,60.67442,63.93985,67.21224,70.49104,73.77521,77.06412,80.3569,83.33593
kir,Kiribati,29.43325,30.49399,31.41141,32.32896,33.24636,34.16334,35.20221,36.33069,37.11736,37.87656,38.60818,39.31183,39.98713,40.63289,41.24943,41.8362,42.39038,42.91151,43.4002,43.85672,44.2811,44.67381,45.0352,45.10525,45.17351
kna,St. Kitts and Nevis,86.45086,87.10492,87.75898,88.41303,89.06709,89.72114,90.3752,91.02926,91.68331,92.33737,92.99143,93.64548,94.29954,94.95359,94.95359,94.95359,94.95359,94.95359,,,,,,,
kor,South Korea,100,100,100,100,100,100,100,100,99.99135,99.97498,99.9586,99.94223,99.92585,99.90948,99.8931,99.87673,99.86035,99.84398,99.8276,99.81123,99.79485,99.77848,99.7621,99.74573,99.72935
kwt,Kuwait,100,100,100,100,100,100,100,100,100,100,100,100,100,100,100,100,100,100,100,100,100,100,100,100,100
lao,Lao,28.57921,31.51024,34.42695,37.32589,40.20697,43.00654,45.61813,48.2159,50.80096,53.37156,55.92839,58.47134,61.00064,63.51478,66.01476,68.50014,70.97115,73.42685,75.86726,78.29264,80.70274,83.09759,85.12921,86.996,88.73141
lbn,Lebanon,76.92373,76.92373,76.92373,78.23291,79.54209,80.85126,82.16044,83.46962,84.7788,86.08798,87.39716,88.70633,90.01551,91.32469,92.63387,93.94305,95.25223,96.5614,97.87058,99.06738,99.2,99.2,99.2,99.2,99.2
lbr,Liberia,12.17349,12.46778,12.76508,13.06498,13.36771,13.67304,14.1158,14.56433,15.01834,15.48027,15.95012,16.42809,16.91372,17.40746,17.90881,18.41798,18.93494,19.45918,19.99114,20.53053,21.0773,21.63141,22.19231,22.76042,23.3352
lby,Libya,91.06455,90.95766,90.85077,90.74387,90.63698,90.53009,90.4232,90.31631,90.20942,90.10252,89.99563,89.88874,89.78185,89.67496,89.56806,89.46117,89.35428,89.24739,89.1405,89.03361,88.92671,88.81982,88.71293,88.60604,88.49915
lca,St. Lucia,84.97446,84.98032,85.00259,85.02425,84.83125,84.63843,84.4464,84.25555,84.06634,83.87897,83.68751,83.45544,83.2178,82.97381,82.72336,82.91354,83.10352,83.257,83.376,83.37232,83.36811,83.36331,83.35799,,
lie,Liechtenstein,99.95,99.95,99.95,99.95,99.95,99.95,99.95,99.95,99.95,99.95,99.95,99.95,99.95,99.95,99.95,99.95,99.95,99.95,99.95,99.95,99.95,99.95,99.95,99.95,99.95
lka,Sri Lanka,76.80727,77.60401,78.40392,79.20698,80.01318,80.82255,81.63506,82.45073,83.26955,84.09153,84.91665,85.74493,86.57637,87.41094,88.24872,89.08977,89.93416,90.78193,91.63318,92.48795,93.34632,94.20835,94.94805,95.34919,95.35302
lso,Lesotho,13.91097,15.49574,17.07182,18.61892,20.15195,21.67037,23.17444,24.65578,26.12399,27.57882,29.0205,30.44893,31.8586,33.25683,34.64371,36.01929,37.38357,38.73663,40.07851,41.40914,42.72844,44.03637,45.33285,46.61786,47.89135
ltu,Lithuania,84.26283,84.73127,85.1947,85.65986,86.12677,86.61411,87.12003,87.62459,88.1278,88.66766,89.19415,89.73549,90.30097,90.86482,91.42719,91.98808,92.54918,93.11004,93.67011,94.22894,94.78628,95.34144,95.89405,96.38484,96.39656
lux,Luxembourg,97.69019,97.68316,97.67824,97.67343,97.66871,97.66411,97.6596,97.6552,97.65087,97.64667,97.64256,97.63855,97.6347,97.63107,97.6276,97.6243,97.62117,97.61819,97.61536,97.61268,97.61013,97.6077,97.60539,97.60323,97.60117
lva,Latvia,89.18223,89.15803,89.38606,89.52636,89.61308,89.69801,89.75674,89.80893,89.86116,89.921,89.98794,90.05396,90.1189,90.18277,90.24542,90.49308,90.74232,90.99298,91.24492,91.49799,91.75206,92.00698,92.26261,92.51868,92.53461
mar,Morocco,68.2173,68.99793,70.19595,71.3611,72.23801,73.17732,74.12863,75.07866,76.02705,76.97343,77.91863,78.86171,79.80289,80.74184,81.67878,82.61339,83.54587,84.47591,85.40347,86.32823,87.25043,87.38364,87.51635,87.64756,87.77802
mco,Monaco,100,100,100,100,100,100,100,100,100,100,100,100,100,100,100,100,100,100,100,100,100,100,100,100,100
mda,Moldova,71.25066,71.65664,72.06792,72.48451,73.0585,73.68817,74.36865,75.0534,75.74245,76.43579,77.13343,77.83537,78.54162,79.2522,79.96709,80.6901,81.42082,82.15818,82.90158,83.65014,84.40322,85.16,85.73499,86.30943,86.88286
mdg,Madagascar,3.82452,4.27624,4.72902,5.18344,5.6388,6.12117,6.60626,7.09405,7.58477,8.07809,8.57423,9.07317,9.57498,10.07961,10.58723,11.0977,11.61117,12.1276,12.64705,13.16934,13.69474,14.22297,14.75428,15.28839,15.36715
mdv,Maldives,76.12042,77.31389,78.49094,79.65006,80.79064,81.91074,82.96784,83.89837,84.96316,86.02317,87.07847,88.12899,89.17476,90.21534,91.251,92.28153,93.30685,94.3268,95.34139,96.35052,97.12136,97.8641,98.59622,99.31769,99.7013
mex,Mexico,79.20524,79.9106,80.60597,81.29151,81.96765,82.63405,83.29114,83.93887,84.57787,85.20787,85.82925,86.44288,87.0483,87.64595,88.23589,88.81793,89.39242,89.95922,90.51856,91.07052,91.61521,92.15264,92.66146,92.97846,92.99128
mhl,Marshall Islands,74.72755,74.89837,75.06788,75.23574,75.40196,75.78267,76.04482,76.29606,76.53711,76.7672,76.98707,77.19683,77.39534,77.58239,77.75876,77.92449,78.08011,78.2257,78.36192,78.48866,78.60658,78.71592,78.81677,78.90942,78.95856
mkd,North Macedonia,88.64995,88.62522,88.6005,88.57577,88.55093,89.14414,89.74484,90.3526,90.96696,91.58757,92.21386,92.84544,93.48175,94.12237,94.7668,95.41441,96.06482,96.71745,97.32968,97.87917,98.42777,98.97482,98.9818,98.9894,98.99759
mli,Mali,17.33362,18.53663,19.74785,20.96661,22.19327,23.42641,24.66717,25.91438,27.16867,28.42866,29.69329,30.96224,32.23522,33.51196,34.79241,36.07608,37.36296,38.65302,39.94582,41.24156,42.53963,43.84045,45.14342,46.44858,47.75617
mlt,Malta,99.9492,99.94905,99.9489,99.94877,99.94863,99.9485,99.94842,99.94838,99.94834,99.9483,99.94826,99.95293,99.95761,99.96229,99.96698,99.97167,99.97638,99.98109,99.98581,99.99053,99.99526,100,100,100,100
mmr,Myanmar,63.45988,64.01388,64.56597,65.11636,65.66502,66.21195,66.75694,67.30018,67.84164,68.33692,68.82982,69.31998,69.80753,70.29231,70.77459,71.25587,71.73594,72.21442,72.69104,73.16532,73.63687,74.10549,74.13016,74.15619,74.18352
mne,Montenegro,,,,,,,90.64151,91.17759,91.71584,92.25611,92.79849,93.34305,93.88979,94.43875,94.98996,95.54342,96.09908,96.657,97.21424,97.5023,97.77177,97.79111,97.81045,97.82979,97.84913
mng,Mongolia,43.35096,43.92934,44.49884,45.05918,46.56573,48.07967,49.60173,51.13063,52.66582,54.20472,55.7488,57.10623,58.3639,59.63058,60.90591,62.1905,63.48401,64.78604,66.10207,67.43196,68.77557,70.13211,71.50236,72.88517,74.28065
moz,Mozambique,10.73681,11.68914,12.6706,13.65972,14.65679,15.6615,16.67447,17.69473,18.81757,19.96031,21.11578,22.28336,23.46306,24.65489,25.85888,27.07504,28.30338,29.54355,30.79592,32.06166,33.34045,34.63312,35.93851,37.25749,38.59008
mrt,Mauritania,18.15297,19.30933,20.57599,21.85193,23.13722,24.43098,25.99972,27.60377,29.24446,30.9206,32.63451,34.38677,36.1779,38.00755,39.87314,41.77427,43.71043,45.68284,47.69044,49.73391,51.81248,53.92677,56.07585,58.26083,58.67692
mus,Mauritius,90.51944,90.80109,91.08316,91.36567,91.64864,91.93209,92.21597,92.50033,92.78513,93.0704,93.35613,93.64233,93.92896,94.2161,94.50368,94.79172,95.08066,95.37046,95.66104,95.9524,96.24306,96.525,96.80746,97.09041,97.37374
mwi,Malawi,9.35119,9.35303,9.35481,9.3567,9.35854,11.64302,13.91952,16.18819,18.44887,20.703,22.95022,25.19025,27.4226,29.64706,31.86306,34.0704,36.26849,38.45707,40.63567,42.80384,44.96115,47.10713,49.24129,49.23688,49.23221
mys,Malaysia,93.09003,93.27183,93.44998,93.62455,93.79561,93.96309,94.12714,94.2878,94.44512,94.59911,94.74988,94.89503,95.03722,95.17692,95.31425,95.44919,95.58184,95.71214,95.80872,95.93568,95.99664,96.01735,96.01826,96.01914,96.02
nam,Namibia,27.14884,27.59984,28.19683,28.81229,29.41783,30.01095,30.59267,31.16184,31.71859,32.2603,32.78912,33.30289,33.81187,34.30532,34.78305,35.24387,35.68219,36.09711,36.48911,36.91231,37.31478,37.69696,38.05872,38.40054,38.7229
ner,Niger,6.49096,6.90943,7.30987,7.71049,8.11105,8.51225,8.91226,9.31082,9.70763,10.10328,10.49747,10.88989,11.28116,11.67097,12.06447,12.4628,12.86572,13.27442,13.68866,14.1097,14.53806,14.9739,15.41858,15.87229,16.33605
nga,Nigeria,27.99464,28.03391,28.68635,29.35926,30.05326,30.76891,31.50685,32.26769,33.05208,33.86029,34.69313,35.54994,36.43093,37.33608,38.26551,39.21938,40.19733,41.19972,42.22626,43.27675,44.35115,45.44916,46.57068,47.71558,47.90194
nld,Netherlands,98.05648,98.03166,98.00083,97.97132,97.94313,97.91633,97.89216,97.87048,97.84975,97.82848,97.80817,97.79029,97.77327,97.75889,97.74682,97.73522,97.72413,97.71353,97.70365,97.69441,97.68579,97.67775,97.67024,97.66323,97.65667
nor,Norway,98.07194,98.07087,98.0698,98.06875,98.0678,98.06698,98.06615,98.0653,98.06442,98.06355,98.06269,98.06163,98.06038,98.05914,98.05793,98.05672,98.05554,98.05439,98.05326,98.05215,98.05108,98.05003,98.04901,98.04801,98.04705
npl,Nepal,14.89488,17.39596,19.88881,22.42895,25.01604,27.64976,30.32974,33.05579,35.82737,38.64412,41.50566,44.41171,47.36227,50.3565,53.39418,56.47456,59.59725,62.76158,65.96699,69.21284,72.49851,75.82334,79.18666,82.58779,86.02598
nru,Nauru,64.67159,64.6702,64.66881,64.66742,64.66602,64.66463,65.01511,65.36557,65.71602,66.06646,66.41687,66.76728,67.11766,67.46804,67.81839,68.16874,68.51906,68.86938,69.21967,69.56995,69.92022,70.27047,70.62071,70.97093,71.32114
nzl,New Zealand,100,100,100,100,100,100,100,100,100,100,100,100,100,100,100,100,100,100,100,100,100,100,100,100,100
omn,Oman,89.15584,89.15279,89.91163,90.67089,91.47156,92.29376,93.10328,93.90021,94.68478,95.45707,96.21748,96.98959,97.7534,98.48642,99.04546,99.31901,99.3193,99.31957,99.31981,99.32004,99.32025,99.32044,99.32062,99.32078,99.32093
pak,Pakistan,36.38204,36.47048,36.5598,36.64912,38.35333,40.05195,41.87121,43.69659,45.52761,47.3642,49.20664,51.05481,52.90861,54.76731,56.63146,58.50097,60.3757,62.25531,64.14353,66.03984,67.94338,69.85334,71.76867,71.82432,71.88286
pan,Panama,62.5613,63.30005,64.3589,65.42275,66.49129,67.56453,68.64246,69.7248,70.81211,71.90412,73.00054,74.10418,75.21472,76.33212,77.45664,78.58767,79.72518,80.86942,82.02008,83.17712,84.34024,85.50968,86.68515,87.86662,89.05404
per,Peru,64.68994,65.40688,66.11348,66.8103,67.49706,68.17352,68.84062,69.49774,70.09797,70.67121,71.2401,71.80399,72.3636,72.91832,73.46853,74.01458,74.5559,75.09285,75.62741,76.15917,76.68829,77.21436,77.73727,78.25716,78.7732
phl,Philippines,64.57802,65.01014,65.44308,65.87685,66.31145,66.74688,67.18313,68.20644,69.23991,70.28368,71.34241,72.4332,73.53024,74.63354,75.74286,76.85829,77.97967,79.10778,80.24224,81.38251,82.52807,83.67841,84.833,85.99129,87.15274
plw,Palau,92.30552,92.57327,92.84392,93.1175,93.51619,93.90362,94.28037,94.64646,95.00229,95.34783,95.68347,96.00932,96.32581,96.63292,96.93103,97.22038,97.50064,97.7723,98.03585,98.29177,98.54059,98.78269,99.01851,99.02176,99.02487
png,Papua New Guinea,16.21647,16.20629,16.19795,16.18962,16.18083,16.60591,17.03132,17.45705,17.8831,18.24862,18.61015,18.9673,19.32087,19.6758,20.03173,20.38829,20.74512,21.10186,21.45851,21.81437,22.16909,22.52296,22.87532,23.22579,23.57434
pol,Poland,87.57455,88.25683,88.93535,89.59468,90.25626,90.92025,91.58674,92.25554,92.92665,93.60027,94.27628,94.95471,95.635,96.31802,97.0037,97.6921,98.38311,98.79661,98.95543,98.95753,98.95751,98.95736,98.95708,98.95669,98.95617
prk,North Korea,,,75.19543,75.20582,75.21635,75.22675,75.23728,75.92378,76.61398,77.31904,78.03241,78.75,79.47228,80.19895,80.93018,81.66581,82.40861,83.15841,83.91558,84.61949,84.66547,84.71404,84.76504,84.81845,
prt,Portugal,97.65092,97.76815,97.88347,97.99731,98.10967,98.22052,98.32992,98.43783,98.5443,98.64928,98.75283,98.85494,98.95562,99.05487,99.15273,99.24919,99.3443,99.43807,99.53051,99.62002,99.65292,99.66231,99.66125,99.66021,99.65918
pry,Paraguay,70.76709,72.05024,73.30601,74.46726,75.60314,76.72877,77.84393,78.94869,80.04334,81.1277,82.20184,83.26583,84.31991,85.35898,86.38726,87.40683,88.41789,89.42025,90.41515,91.41549,92.40795,93.39205,94.24347,95.24918,95.93476
pse,Palestine,90.28437,90.33962,90.39483,90.44991,90.9354,91.42026,91.90456,92.38833,92.87151,93.35437,93.8369,94.31903,94.80071,95.28189,95.76254,96.2426,96.72202,97.20078,97.67882,98.15612,98.6216,99.06215,99.37714,99.39254,99.39502
qat,Qatar,99.93655,99.93655,99.93655,99.93655,99.93655,99.93655,99.93655,99.93655,99.93655,99.93655,99.93655,99.93655,99.93655,99.93655,99.93655,99.93655,99.93655,99.93655,99.93655,99.93655,99.93655,99.93655,99.93655,99.93655,99.93655
rou,Romania,,74.12219,74.09455,74.14522,74.19551,74.24579,75.18352,76.11817,77.04974,77.97822,78.90363,79.82597,80.70993,81.57879,82.44852,83.3255,84.20941,85.0986,85.99295,86.89111,87.79222,88.69564,89.60049,90.50553,90.54136
rus,Russia,,,81.66069,81.66552,81.67231,81.6791,81.68589,82.24545,82.80569,83.36644,83.92804,84.49034,85.05607,85.62536,86.19894,86.77669,87.35915,87.94664,88.53924,89.13724,89.74095,90.35065,90.96638,91.58869,92.21759
rwa,Rwanda,43.88764,45.6902,47.46119,49.08273,50.68295,52.28066,53.87593,55.4686,57.05875,58.6464,60.2315,61.81408,63.3941,64.97163,66.54513,68.11346,69.67581,71.2309,72.77761,74.31505,75.84193,77.35711,78.85947,80.34756,81.33073
sau,Saudi Arabia,,,,,,,,,,,,,,97.55152,97.55658,97.56165,97.56674,97.57183,97.57694,97.58203,97.58714,97.59223,97.59732,97.60241,97.6075
sdn,Sudan,17.35754,17.37461,17.39168,17.40875,17.42582,19.13658,20.84716,22.83608,24.87984,26.98501,29.15171,31.3797,33.66838,36.0177,38.42694,40.89625,43.42478,46.01196,48.65742,51.36017,54.11973,56.93525,59.80584,62.73055,65.7086
sen,Senegal,36.63979,37.62307,38.63438,39.70381,40.81602,41.92591,43.03406,44.13996,45.24345,46.34408,47.44234,48.53776,49.62989,50.7189,51.80463,52.88904,53.97149,55.0521,56.12997,57.20494,58.2764,59.34415,60.40759,61.46613,62.5196
sgp,Singapore,100,100,100,100,100,100,100,100,100,100,100,100,100,100,100,100,100,100,100,100,100,100,100,100,100
slb,Solomon Islands,21.81883,22.02003,22.22539,22.43489,22.64854,23.28066,23.91832,24.56159,25.21101,25.86558,26.52587,27.18819,27.8531,28.52006,29.18855,29.8591,30.53063,31.2037,31.87828,32.55331,33.22931,33.90573,34.15497,34.40257,34.64907
sle,Sierra Leone,7.69469,7.92617,8.15826,8.39095,8.94955,9.53865,10.15665,10.7956,11.45551,12.13622,12.83773,13.56018,14.30359,15.0676,15.85256,16.65829,17.48495,18.33386,19.20548,20.09974,21.01671,21.9565,22.91919,23.90487,24.91364
slv,El Salvador,80.60378,80.69199,80.77989,81.13186,81.47949,81.82227,82.16081,82.50293,82.88971,83.27045,83.6457,84.01582,84.38075,84.74039,85.09527,85.44545,85.78921,86.12646,86.45658,86.73646,87.00966,87.27654,87.53715,87.79197,88.04112
smr,San Marino,100,100,100,100,100,100,100,100,100,100,100,100,100,100,100,100,100,100,100,100,100,100,100,100,100
som,Somalia,20.18379,20.96313,21.73855,22.66664,23.58763,24.63857,25.69855,25.47248,26.86755,28.26203,29.65523,31.04291,32.04764,33.05825,34.07487,35.09724,36.12504,37.15736,38.19387,39.23341,40.27563,41.31968,42.36497,43.41089,44.45684
srb,Serbia,95.50395,95.50248,95.50135,95.50054,95.50013,95.66793,95.8361,96.00467,96.17358,96.34287,96.51249,96.68252,96.85028,97.01733,97.1846,97.35203,97.51968,97.68819,97.85761,97.91564,97.91885,97.92311,97.92839,97.93477,97.9423
ssd,South Sudan,,,,,,,,,,,,6.98594,7.58008,8.20089,8.84916,9.52608,10.23237,10.96894,11.73701,12.5376,13.08646,13.64583,14.21676,14.32013,14.42824
stp,Sao Tome and Principe,20.79039,21.94747,23.13917,24.33863,25.54043,26.85778,28.1836,29.51706,30.85738,32.20324,33.55444,34.90999,36.26947,37.62798,38.98588,40.34271,41.69835,43.05273,44.4058,45.75756,47.10801,48.45735,48.53505,48.60866,48.67851
sur,Suriname,78.02613,78.34981,78.67248,78.99357,79.31336,79.94544,80.57861,81.21583,81.85735,82.50342,83.1536,83.80815,84.46708,85.13042,85.8011,86.47885,87.16301,87.85308,88.54872,89.24914,89.95421,89.96224,89.97234,89.98427,89.99827
svk,Slovak Republic,99.82495,99.83239,99.83486,99.66091,99.46972,99.27787,99.08535,98.89217,98.69834,98.50384,98.30654,98.10826,97.9115,97.71413,97.51613,97.52083,97.52625,97.5324,97.53178,97.53185,97.53263,97.53413,97.53636,97.53933,97.54296
svn,Slovenia,99.11168,99.11168,99.11168,99.11168,99.11168,99.11168,99.11168,99.05831,99.00494,98.95157,98.8982,98.84484,98.79147,98.7381,98.68473,98.63136,98.578,98.52463,98.47126,98.41789,98.36453,98.31116,98.31116,98.31116,98.31116
swe,Sweden,99.23476,99.23324,99.22771,99.20518,99.18262,99.16005,99.13748,99.1149,99.09227,99.06959,99.04687,99.02407,99.00117,98.97817,98.95508,98.93191,98.90864,98.88529,98.86187,98.83837,98.81479,98.79115,98.76745,98.74368,98.74319
swz,Eswatini,50.25192,50.74806,51.27763,51.81802,52.36894,52.93084,53.50346,54.09129,54.71117,55.32935,55.94572,56.56019,57.17231,57.78492,58.39795,59.01131,59.62441,60.23684,60.84805,61.45752,62.06475,62.66924,63.27026,63.86765,64.4605
syc,Seychelles,95.4941,95.69122,95.88834,96.08546,96.28258,96.4797,96.67682,96.87394,97.07105,97.26817,97.46529,97.66241,97.85953,98.05665,98.25377,98.45089,98.64801,98.84513,98.87463,98.88583,98.89699,98.89857,99.7,99.7,99.7
syr,Syria,88.43624,88.59343,88.74929,88.90367,89.05672,89.4009,89.74382,90.0856,90.4261,90.76525,91.10323,91.36615,91.63465,91.909,92.18913,92.54832,92.90464,93.25803,93.60846,93.95593,94.30038,94.64183,94.98033,95.31585,95.64843
tcd,Chad,9.69267,9.77511,9.85771,9.94081,10.02424,10.10801,10.19211,10.27675,10.36152,10.48358,10.6144,10.75454,10.90485,11.06572,11.23775,11.42188,11.61879,11.82919,12.05412,12.29402,12.55032,12.82352,12.92207,13.02795,13.14153
tgo,Togo,8.0336,8.26404,8.49613,8.72967,8.96468,9.61446,10.29252,10.99864,11.73278,12.49386,13.28247,14.10282,14.9528,15.82906,16.73176,17.66062,18.61629,19.59827,20.60628,21.64004,22.69926,23.78362,24.89259,25.02975,25.16811
tha,Thailand,92.17506,92.42698,92.68251,92.94184,93.20508,93.47253,93.74412,94.02005,94.3004,94.58536,94.87493,95.1765,95.48255,95.79146,96.10323,96.41789,96.73541,97.05584,97.37918,97.70539,98.03447,98.36638,98.70108,99.03854,99.35049
tjk,Tajikistan,91.57,91.80928,92.04825,92.28691,92.52524,92.76329,93.00104,93.23848,93.47562,93.71244,93.94896,94.18517,94.42095,94.65601,94.89009,95.12293,95.35425,95.58377,95.81125,95.97062,95.97967,95.98783,95.99512,95.9857,
tkm,Turkmenistan,93.31877,93.30987,93.30096,93.2921,93.2833,93.66036,94.03851,94.4179,94.78889,95.15825,95.52912,95.90168,96.27603,96.65233,97.0308,97.41154,97.79472,98.18051,98.56905,98.96047,99.35495,99.74093,99.73915,99.73732,99.73545
tls,Timor-Leste,,,18.78621,21.26566,23.73738,26.18519,28.63972,31.09664,33.55639,36.01784,38.48069,40.94528,43.41056,45.87623,48.34222,50.80816,53.27368,55.73815,58.20167,60.66359,63.1237,65.58123,68.03609,70.48772,72.9358
ton,Tonga,89.19181,89.19484,89.19777,89.20079,89.20382,89.65516,90.10631,90.55846,91.01113,91.46327,91.9149,92.0922,92.26192,92.42582,92.58707,92.7458,92.90192,93.05544,93.20709,93.35666,93.50411,93.64916,93.79179,93.93181,93.93345
tto,Trinidad and Tobago,,,,,,94.37565,94.38057,94.38551,94.39043,94.39537,94.38524,94.37409,94.36147,94.34763,94.33278,94.31716,94.30097,94.28443,94.26779,94.25126,94.23506,94.21942,94.20456,94.1907,94.17807
tun,Tunisia,77.68056,78.30129,79.23818,80.17311,81.09954,81.99688,82.89498,83.79293,84.6909,85.58868,86.48582,87.38265,88.27872,89.17341,90.0672,90.96104,91.85409,92.74574,93.63547,94.52249,95.40608,96.28568,97.16063,97.98492,98.53734
tur,Turkey,86.53261,86.6924,87.48769,88.26703,89.03082,89.77853,90.51103,91.22807,91.93022,92.6171,93.28928,93.94679,94.5901,95.21819,95.83199,96.43179,97.01807,97.59109,98.1514,98.69933,99.23074,99.24292,99.25482,99.26641,99.2777
tuv,Tuvalu,78.93624,79.36574,79.7924,80.2317,80.67252,81.10615,81.60221,82.09297,82.57843,83.05848,83.5332,84.00262,84.46677,84.92561,85.37914,85.82755,86.27112,86.71008,87.14468,87.57516,88.00179,88.42478,88.84441,89.26089,89.67445
tza,Tanzania,3.44646,4.7329,6.0217,7.34205,8.6899,10.04079,11.39558,12.75487,14.11975,15.49031,16.86804,18.25323,19.64707,21.04983,22.46169,23.88344,25.31539,26.75853,28.21339,29.68024,31.16029,32.65351,34.16087,35.6825,37.21936
uga,Uganda,14.71166,15.10441,15.49665,15.88835,16.2796,16.66977,17.05956,17.44848,17.83679,18.22414,18.61078,18.99653,19.38147,19.76516,20.14809,20.52995,20.91043,21.2895,21.66687,22.04289,22.41715,22.78961,23.16039,23.52932,23.89639
ukr,Ukraine,94.3966,94.51757,94.64314,94.77155,94.95417,95.13737,95.31854,95.49861,95.67764,95.85558,96.02846,96.20088,96.37289,96.54449,96.71566,96.83421,96.95235,97.07005,97.1877,97.30522,97.3955,97.47909,97.56208,97.64436,97.72583
ury,Uruguay,93.4677,93.48935,93.51029,93.53068,93.55035,93.68435,93.98976,94.29284,94.59378,94.8926,95.18951,95.48454,95.77519,96.06418,96.35249,96.64013,96.92717,97.21356,97.49937,97.78462,98.06933,98.35354,98.63651,98.89339,99.15079
usa,USA,99.87273,99.87244,99.87216,99.87188,99.8716,99.87133,99.87105,99.87078,99.8705,99.87023,99.87054,99.848,99.8259,99.80424,99.78304,99.76233,99.74208,99.72235,99.70312,99.68444,99.66627,99.64867,99.63161,99.61512,99.61827
uzb,Uzbekistan,93.37661,93.53769,93.69571,93.85059,94.00229,94.15081,94.29619,94.43838,94.57738,94.71318,94.84581,94.97018,95.0891,95.20868,95.32891,95.4498,95.57135,95.69356,95.81627,95.93922,96.06212,96.1847,96.30669,96.42783,96.54783
vct,St. Vincent and the Grenadines,66.72945,68.29329,69.86859,71.45503,73.05255,74.66081,76.27974,77.9089,79.54833,81.19771,82.85683,84.5255,86.2035,87.89055,89.5866,89.61494,89.64348,89.67217,89.70106,,,,,,
ven,Venezuela,86.39916,86.94445,87.48974,88.03504,88.58033,89.12562,89.67091,90.2162,90.7615,91.30679,91.85208,92.39737,92.94266,93.48796,94.03325,94.57854,95.12383,95.66913,96.21442,96.75971,96.98606,97.00236,98.39559,98.39559,98.39559
vnm,Vietnam,49.14892,51.11267,53.06432,55.00197,56.92635,58.96632,61.00032,63.02786,65.04817,67.06135,69.06973,71.06911,73.05927,75.03884,77.00829,78.96692,80.9141,82.84858,84.7703,86.67899,88.57441,90.45597,92.32372,94.08986,95.44703
vut,Vanuatu,54.71098,54.76488,54.81917,54.87423,54.92968,54.62486,54.31561,54.00172,53.68331,53.36034,53.01409,52.65409,52.29231,51.9286,51.56298,51.19545,50.82611,50.45486,50.08255,49.70889,49.33382,48.95697,48.57826,48.19736,47.81415
wsm,Samoa,91.9577,91.95884,91.95724,91.95418,91.95115,92.20575,92.46082,92.71642,92.97254,93.22912,93.48618,93.74371,94.00156,94.25981,94.51855,94.77777,95.03747,95.29767,95.55852,95.82002,96.08212,96.34483,96.59895,96.84871,97.0991
yem,Yemen,43.41853,43.71668,44.01943,44.92498,45.82732,46.73708,47.64419,48.54783,49.4478,50.34385,51.23576,52.12278,53.00471,53.88182,54.75292,55.6183,56.47727,57.32965,58.1748,59.013,59.84362,60.66608,61.48066,62.28597,63.08273
zaf,South Africa,60.49737,61.27595,62.06237,62.84651,63.62336,64.39209,65.15306,65.90613,66.65135,67.38788,68.11619,68.83599,69.54733,70.24974,70.94353,71.62848,72.30452,72.97151,73.62941,74.27819,74.91786,75.54831,76.16956,76.78163,77.38452
zmb,Zambia,21.04154,21.67869,22.4138,23.14439,23.87004,24.59002,25.30429,26.01213,26.71374,27.40756,28.09434,28.7731,29.44469,30.10873,30.76418,31.41087,32.04777,32.67449,33.2904,33.8947,34.48681,35.24421,35.99506,36.73913,37.47634
zwe,Zimbabwe,44.51701,44.63278,44.82097,44.8626,44.88169,44.25559,43.63137,43.00932,42.38917,41.7712,41.15517,40.54131,39.92943,39.31972,38.71708,38.12065,37.52919,36.94167,36.35716,35.77434,35.19236,34.60995,34.61786,34.62835,34.6415
