geo,name,1970,1971,1972,1973,1974,1975,1976,1977,1978,1979,1980,1981,1982,1983,1984,1985,1986,1987,1988,1989,1990,1991,1992,1993,1994,1995,1996,1997,1998,1999,2000,2001,2002,2003,2004,2005,2006,2007,2008
afg,Afghanistan,,,,,,,,,,,,,,,,,,,,,,,,,,,,,,,,,,,32.9,,,,
ago,Angola,,,,,,,,,,,,,,,,,,,,,,,,,,,37,,,,,27.5,,,,,,,
alb,Albania,,,,,,,,,,,,,,,,,,,,,,,,,,,,,,,17,,,,,6.6,,,
arg,Argentina,,,,,,,,,,,,,,,,,,,,,,,,,,,,,,,,,,,,2.3,,,
arm,Armenia,,,,,,,,,,,,,,,,,,,,,,,,,,,,,2.7,,,2.6,,,,4.2,,,
aze,Azerbaijan,,,,,,,,,,,,,,,,,,,,,,,,,,,,,,,14,,,,,,8.4,,
bdi,Burundi,,,,,,,,,,,,,,,,,,30.2,,,,,,,,,,,,,38.9,,,,,,,,
ben,Benin,,,,,,,,,,,,,,,,,,,,,,,,,,,26.8,,,,,21.5,,,,,20.2,,
bfa,Burkina Faso,,,,,,,,,,,,,,,,,,,,,,,,29.6,,,,,,33.7,,,,35.2,,,37.4,,
bgd,Bangladesh,,,,,,,,,,,,,,,,,,,,,,64.3,63.7,59,61,58,56.7,52.5,53.3,52,48.2,45.4,43.1,40.9,42.7,39.2,39.8,41.3,
bgr,Bulgaria,,,,,,,,,,,,,,,,,,,,,,,,,,,,,,,,,,,1.6,,,,
bih,Bosnia and Herzegovina,,,,,,,,,,,,,,,,,,,,,,,,,,,,,,,4.2,,,,,,1.6,,
blr,Belarus,,,,,,,,,,,,,,,,,,,,,,,,,,,,,,,,,,,,1.3,,,
blz,Belize,,,,,,,,,,,,,,,,,,,,,,,,,,,,,,,,,,,,,4.9,,
bol,Bolivia,,,,,,,,,,,,,,,,,,,,8.9,,,,,12.6,,,,5.9,,,,,,5.9,,,,
bra,Brazil,,,,,,,,,,,,,,,,,,,,,,,,,,,4.5,,,,,,,3.7,,,,2.2,
brb,Barbados,,,,,,,,,,,,5.3,,,,,,,,,,,,,,,,,,,,,,,,,,,
btn,Bhutan,,,,,,,,,,,,,,,,,,,,,,,,,,,,,,14.1,,,,,,,,,
bwa,Botswana,,,,,,,,,,,,,,,,,,,,,,,,,,,,,,,10.7,,,,,,,,
caf,Central African Republic,,,,,,,,,,,,,,,,,,,,,,,,,,23.3,,,,,21.8,,,,,,,,
chl,Chile,,,,,,,,,,,,,,,,,,,,,,,,,,,,,,,,,,,,,,0.6,0.5
chn,China,,,,,,,,,,,,,,,,,,,,,,,,,,,,,,,,,6.8,,,,,,
civ,Cote d'Ivoire,,,,,,,,,,,,,,,,,,,,,,,,,20.9,,,,,18.2,,,,,,,16.7,,
cmr,Cameroon,,,,,,,,,,,,,,,,,,,,,,18,,,,,,,17.8,,,,,,15.1,,16.6,,
cod,"Congo, Dem. Rep.",,,,,,,,,,,,,,,,,,,,,,,,,,,,,,,,33.6,,,,,,28.2,
cog,"Congo, Rep.",,,,,,,,,,,,,,,,,,,,,,,,,,,,,,,,,,,,11.8,,,
col,Colombia,,,,,,,,,,,,,,,,,8.6,,,,,,,,,6.3,,,,,4.9,,,,,5.1,,,
com,Comoros,,,,,,,,,,,,,,,,,,,,,,,,,,,22.3,,,,25,,,,,,,,
cze,Czech Republic,,,,,,,,,,,,,,,,,,,,,,,,,,,,,,,,,2.1,,,,,,
deu,Germany,,,,,,,,,,,,,,,,,,,,,,,,,,,,,,,,,,,,,1.1,,
dji,Djibouti,,,,,,,,,,,,,,,,,,,,,,,,,,,,,,,,,25.4,,,,,,
dom,Dominican Republic,,,,,,,,,,,,,,,,,9.3,,,,,8.4,,,,,4.7,,,,3.5,,4.2,,,,,3.4,
dza,Algeria,,,,,,,,,,,,,,,,,,,,,,,,,,11.3,,,,,5.4,,11.1,,,,,,
ecu,Ecuador,,,,,,,,,,,,,,,,,,,,,,,,,,,,,,,,,,,6.2,,,,
egy,Egypt,,,,,,,,,,,,,,,,,,,11.6,,,,,8.2,,,10.8,,,,4.3,,,8.7,,5.4,,,6.8
eri,Eritrea,,,,,,,,,,,,,,,,,,,,,,,,,,,38.3,,,,,,34.5,,,,,,
eth,Ethiopia,,,,,,,,,,,,,,,,,,,,,,,,,,,,,,,42,,,,,34.6,,,
gab,Gabon,,,,,,,,,,,,,,,,,,,,,,,,,,,,,,,,8.8,,,,,,,
geo,Georgia,,,,,,,,,,,,,,,,,,,,,,,,,,,,,,,,,,,,2.3,,,
gha,Ghana,,,,,,,,,,,,,,,,,,,24.1,,,,,,25.1,,,,,20.3,,,,18.8,,,13.9,,
gin,Guinea,,,,,,,,,,,,,,,,,,,,,,,,,,,,,,21.2,,,,,,22.5,,,
gmb,Gambia,,,,,,,,,,,,,,,,,,,,,,,,,,,,,,,15.4,,,,,,15.8,,
gnb,Guinea-Bissau,,,,,,,,,,,,,,,,,,,,,,,,,,,,,,,21.9,,,,,,17.4,,
gnq,Equatorial Guinea,,,,,,,,,,,,,,,,,,,,,,,,,,,,,,,15.7,,,,10.6,,,,
gtm,Guatemala,,,,,,,,,,,,,,,,,,27.8,,,,,,,,21.7,,,,20.3,,,17.7,,,,,,
guy,Guyana,,,,,,,,,,,,,,,,,,,,,,,,,,,,,,,11.9,,,,,,,10.8,
hnd,Honduras,,,,,,,,,,,,,,,,,,,,,,,,,,,19.2,,,,,12.5,,,,,8.6,,
hti,Haiti,,,,,,,,,,,,,,,,,,,,,,,,,,24,,,,,13.9,,,,,,18.9,,
hun,Hungary,,,,,,,,,,,,,,,,,,,2.3,,,,,,,,,,,,,,,,,,,,
idn,Indonesia,,,,,,,,,,,,,,,,,,,,31,,,29.8,,,27.4,,,25.8,22.8,24.8,23.4,23,23.1,19.7,24.4,,19.6,
ind,India,,,,,,,,,,,,,,,,,,,,,,,,,,,,,,44.4,,,,,,,43.5,,
irq,Iraq,,,,,,,,,,,,,,,,,,,,,,,,,,,,,,,12.9,,,,,,7.1,,
jam,Jamaica,,,,,,,,,,,,,,,,,,,,,,,,,4.5,4,5.6,3.5,3.4,2.3,3.8,4.1,2.6,,3.1,,5.3,2.2,
jor,Jordan,,,,,,,,,,,,,,,,,,,,,4.8,,,,,,,3.8,,,,,3.6,,,,,,
kaz,Kazakhstan,,,,,,,,,,,,,,,,,,,,,,,,,,6.7,,,,3.8,,,,,,,4.9,,
ken,Kenya,,,,,,,,,,,,,,,,,,,,,,,,20.1,,,,,17.6,,17.5,,,16.5,,,,,
kgz,Kyrgyz Republic,,,,,,,,,,,,,,,,,,,,,,,,,,,,8.2,,,,,,,,,2.7,,
khm,Cambodia,,,,,,,,,,,,,,,,,,,,,,,,,,,42.6,,,,39.5,,,,,,28.4,,28.8
lao,Lao,,,,,,,,,,,,,,,,,,,,,,,,,,,,,,,36.4,,,,,,31.6,,
lbn,Lebanon,,,,,,,,,,,,,,,,,,,,,,,,,,,,,,,,,,,4.2,,,,
lbr,Liberia,,,,,,,,,,,,,,,,,,,,,,,,,,,,,,,22.8,,,,,,,20.4,
lby,Libya,,,,,,,,,,,,,,,,,,,,,,,,,,4.3,,,,,,,,,,,,5.6,
lka,Sri Lanka,,,,,,,,,,,,,,,,,,29.3,,,,,,,,,,,,,22.8,,,,,,,21.1,
lso,Lesotho,,,,,,,,,,,,,,,,,,,,,,,,,,,,,,,15,,,,,16.6,,,
mar,Morocco,,,,,,,,,,,,,,,,,,12.7,,,,,8.1,,,,,,,,,,,,9.9,,,,
mda,Moldova,,,,,,,,,,,,,,,,,,,,,,,,,,,,,,,,,,,,3.2,,,
mdg,Madagascar,,,,,,,,,,,,,,,,,,,,,,,35.5,,,,,35.5,,,,,,,36.8,,,,
mdv,Maldives,,,,,,,,,,,,,,,,,,,,,,,,,32.5,,,,41.5,,,25.7,,,,,,,
mex,Mexico,,,,,,,,,,,,,,,,,,,,13.9,,,,,,,,,,6,,,,,,,3.4,,
mkd,North Macedonia,,,,,,,,,,,,,,,,,,,,,,,,,,,,,,1.9,,,,,1.2,1.8,,,
mli,Mali,,,,,,,,,,,,,,,,,,29,,,,,,,,,38.2,,,,,30.1,,,,,27.9,,
mmr,Myanmar,,,,,,,,,,,,,,,,,,,,,,,,,,,,,,,30.1,,,29.6,,,,,
mne,Montenegro,,,,,,,,,,,,,,,,,,,,,,,,,,,,,,,,,,,,,2.2,,
mng,Mongolia,,,,,,,,,,,,,,,,,,,,,,,,,,,,,,10.8,11.6,,,,4.8,5.3,,,
moz,Mozambique,,,,,,,,,,,,,,,,,,,,,,,,,,,,28.1,,,,,,21.2,,,,,
mrt,Mauritania,,,,,,,,,,,,,,,,,,,,,,,,,,,,,,,,30.4,,,,,,23.2,
mwi,Malawi,,,,,,,,,,,,,,,,,,,,,,,24.4,,,,,,,,21.5,,,,,18.4,15.5,,
nam,Namibia,,,,,,,,,,,,,,,,,,,,,,,21.5,,,,,,,,20.3,,,,,,,17.5,
ner,Niger,,,,,,,,,,,,,,,,,,,,,,,41,,,,,,45,,43.6,,,,,,39.9,,
nga,Nigeria,,,,,,,,,,,,,,,,,,,,,35.1,,,,,,,,,,,,,27.2,,,,,
nic,Nicaragua,,,,,,,,,,,,,,,,,,,,,,,,9.6,,,,,10.3,,,7.8,,,,4.3,,,
nld,Netherlands,,,,,,,,,,,1.6,,,,,,,,,,,,,,,,,,,,,,,,,,,,
npl,Nepal,,,,,,60.8,,,,,,,,,,,,,,,,,,,,,42.9,,38.2,,,43,,,,,38.8,,
omn,Oman,,,,,,,,,,,,,,,,,,,,,,,,,,10,,,,11.3,,,,,,,,,
pak,Pakistan,,,,,,,,,,,,,,,,,,,,,,39,,,,,,,,,,31.3,,,,,,,
pan,Panama,,,,,,,,,,,,,,,,,,,,,,,,,,,,6.3,,,,,,,,,,,
per,Peru,,,,,,,,,,,,,,,,,,,,,,,8.8,,,,5.7,,,,5.2,,,,,5.4,,,
phl,Philippines,,,,,,,,,,,,,,,,,,,,,,,,,,,,,,,,,,20.7,,,,,26.2
png,Papua New Guinea,,,,,,,,,,,,,,24.6,,,,,,,,,,,,,,,,,,,,,,18.1,,,
prk,North Korea,,,,,,,,,,,,,,,,,,,,,,,,,,,,,,,,,17.8,,,,,,
pry,Paraguay,,,,,,,,,,,,,,,,,,,,,2.8,,,,,,,,,,,,,,,,,,
pse,Palestine,,,,,,,,,,,,,,,,,,,,,,,,,,,,,,,,,,,,,,2.2,
rou,Romania,,,,,,,,,,,,,,,,,,,,,,,,,,,,,,3.4,3.7,3.8,3.5,,,,,,
rwa,Rwanda,,,,,,,,,,,,,,,,,,,,,,,24.3,,,,,,,,20.3,,,,,18,,,
sau,Saudi Arabia,,,,,,,,,,,,,,,,,,,,,,,,,,,,,,,,,,,,5.3,,,
sdn,Sudan,,,,,,,,,,,,,,,,,,,,,,,,,,,,,,,38.4,,,,,,31.7,,
sen,Senegal,,,,,,,,,,,,,,,,,17.3,,,,,,,21.9,,,,,,,20.3,,,,,14.5,,,
sgp,Singapore,,,,,,,,12.2,,,,,,,,,,,,,,,,,,,,,,,3.3,,,,,,,,
slb,Solomon Islands,17.7,,,,,,,,,,,,,,,,,,,16.3,,,,,,,,,,,,,,,,,,,
sle,Sierra Leone,,,,,,,,,,,,,,,,,,,,,,,,,,,,,,,24.7,,,,,28.3,,,
slv,El Salvador,,,,,,,,,,,,,,,,,,,11.1,,,,,7.2,,,,,,,,,,6.1,,,,,
som,Somalia,,,,,,,,,,,,,,,,,,,,,,,,,,,,,,,,,,,,,32.8,,
srb,Serbia,,,,,,,,,,,,,,,,,,,,,,,,,,,,,,,,,,,,,1.8,,
stp,Sao Tome and Principe,,,,,,,,,,,,,,,,,,,,,,,,,,,,,,,10.1,,,,,,,,
sur,Suriname,,,,,,,,,,,,,,,,,,,,,,,,,,,,,,,11.4,,,,,,,,
swz,Eswatini,,,,,,,,,,,,,,,,,,,,,,,,,,,,,,,9.1,,,,,,,6.1,
syr,Syria,,,,,,,,,,,,,,,,,,,,,,,,,,,,,,,,11.1,,,,,10,,
tcd,Chad,,,,,,,,,,,,,,,,,,,,,,,,,,,,34.3,,,29.4,,,,33.9,,,,
tgo,Togo,,,,,,,,,,,,,,,,,,,21.2,,,,,,,,,,23.2,,,,,,,,22.3,,
tha,Thailand,,,,,,,,,,,,,,,,,,17.4,,,,,,,,,,,,,,,,,,,7,,
tjk,Tajikistan,,,,,,,,,,,,,,,,,,,,,,,,,,,,,,,,,,,,14.9,,,
tls,Timor-Leste,,,,,,,,,,,,,,,,,,,,,,,,,,,,,,,,,40.6,,,,,,
tto,Trinidad and Tobago,,,,,,,,,,,,,,,,,,4.7,,,,,,,,,,,,,4.4,,,,,,,,
tun,Tunisia,,,,,,17.2,,,,,,,,,,,,,8.5,,,,,,,8.1,,,,,,,,,,,3.3,,
tur,Turkey,,,,,,,,,,,,,,,,,,,,,,,,8.7,,,,,7,,,,,,3.5,,,,
tza,Tanzania,,,,,,,,,,,,,,,,,,,,,,,25.1,,,,26.9,,,25.3,,,,,,16.7,,,
uga,Uganda,,,,,,,,,,,,,,,,,,,,19.7,,,,,,21.5,,,,,,19,,,,,16.4,,
ukr,Ukraine,,,,,,,,,,,,,,,,,,,,,,,,,,,,,,,4.1,,,,,,,,
ury,Uruguay,,,,,,,,,,,,,,,,,,,,,,,,,,,,,,,,,5.4,,6,,,,
usa,USA,,,,,,,,,,,,,,,,,,,,,,,,,0.9,,,,,,,,1.1,,1.3,,,,
uzb,Uzbekistan,,,,,,,,,,,,,,,,,,,,,,,,,,,15.3,,,,,,7.1,,,,4.4,,
vnm,Vietnam,,,,,,,,,,,,,,,,,,,,,,,,36.9,,,,,,,26.7,,,,,,20.2,,
yem,Yemen,,,,,,,,,,,,,,,,,,,,,,,,,,,,47.6,,,,,,43.1,,,,,
zmb,Zambia,,,,,,,,,,,,,,,,,,,,,,,21.2,,,,,19.6,,19.6,,,23.3,,,,,14.9,
zwe,Zimbabwe,,,,,,,,,,,,,,,,,,,8,,,,,,11.7,,,,,11.5,,,,,,,14,,
